[Header],,,,,,,,,,
IEMFileVersion,4,,,,,,,,,
Investigator Name,Xi Chen,,,,,,,,,
Experiment Name,Walkup 60,,,,,,,,,
Date,08/08/2018,,,,,,,,,
Workflow,GenerateFASTQ,,,,,,,,,
Application,HiSeq FASTQ Only,,,,,,,,,
Assay,TruSeq HT,,,,,,,,,
Description,AnyDescription,,,,,,,,,
Chemistry,Default,,,,,,,,,
,,,,,,,,,,
[Reads],,,,,,,,,,
151,,,,,,,,,,
151,,,,,,,,,,
[Settings],,,,,,,,,,
,,,,,,,,,,
[Data],,,,,,,,,,
Lane,Sample_ID,Sample_Name,Sample_Plate,Sample_Well,I7_Index_ID,index,I5_Index_ID,index2,Sample_Project,Description
3,mCortex-ATAC,,,,N001,TAAGGCGA,,,,
3,mCortex-RNA,,,,N002,CGCCGTTT,,,,
3,GM12878-ATAC,,,,N003,CGTACTAG,,,,
3,GM12878-RNA,,,,N004,ATGGTAGG,,,,
3,K562-ATAC,,,,N005,AGGCAGAA,,,,
3,K562-RNA,,,,N006,GAAACGCC,,,,
