A01	AGTAAACCCGCCGTTT
B01	CCGTTTAGATGGTAGG
C01	GACGCCGAGAAACGCC
D01	TTACGGTTTCTTACAA
E01	TCATGAAAGGTAGCCT
F01	AGGGACGTACAGCTAG
G01	CACATGCGTTGTTGGC
H01	GTTCCTTCCACCAATA
I01	CAGTACTGGAAAGTCT
J01	AGACTACTTGCCTCGG
K01	TCTACTGCACTGCATC
L01	GTCGGGAACTGTAGAA
M01	GAATCATAACGCAGCT
N01	ACTGTGGGGATGGTTG
O01	TTCAGCATTGCTCCAC
P01	CGGCATCCCTAATAGA
A02	TCACCTAGGCTTTCGT
B02	CTGAACGATACGGGCG
C02	AATTGGCTAGGCAAAC
D02	GGCGTATCCTAACTTA
E02	ACATAGCGGGAGCGAT
F02	TGGACAGCCTGTACGG
G02	GATCTCAATACCTATC
H02	CTCGGTTTACTAGTCA
I02	ACCTCTGTAATCGCAT
J02	CAACTATACGCATATG
K02	TGGGACCGTCGTATCC
L02	GTTAGGACGTAGCGGA
M02	GGAGATGCATGAGTTT
N02	ACCTTACATACTCCCG
O02	CATCGCAGCCTGTGAC
P02	TTGACGTTGGACAAGA
A03	CTTTAAGAAAAGGGCT
B03	GAGCCTCGTGGACTTG
C03	AGAAGGACCTTCTCAC
D03	TCCGTCTTGCCTAAGA
E03	AGGGTTTCATCAACTT
F03	GACAGAAATGGGTGGG
G03	TCACACGGGCTCGACC
H03	CTTTCGCTCAATCTAA
I03	GACCGGACTAGTGATT
J03	ATGATCTTGTTCTCGG
K03	CCTTCAGGCGCACTAC
L03	TGAGATCAACAGAGCA
M03	GTTCCACTCGGAATGT
N03	AAGGAGACTACCGCAG
O03	TGATGTGAATTGTGTC
P03	CCCATCTGGCATCACA
A04	AAGATTACACCAGCCT
B04	CTTCCGGATAGTTGTG
C04	GCCGAACTGGACCAAC
D04	TGATGCTGCTTGATGA
E04	GAAGAGTACTAACCAT
F04	CGCACAGGTATCAATG
G04	ACGTGTCCGCGTTTGC
H04	TTTCTCATAGCGGGCA
I04	TAATACACTAGGTTAT
J04	CCCGCACAGCTCACCG
K04	GTTATGGTATAAGATC
L04	AGGCGTTGCGCTCGGA
M04	TATGAAGTTGACCGTT
N04	GTCATCTCGAGTTCGG
O04	CCACGGCACTTGGACC
P04	AGGTCTAGACCAATAA
A05	CCATTATTTATGCTTT
B05	TGCCCTGGGGCTGCAG
C05	ATGAGGCAATAAAGGC
D05	GATGACACCCGCTACA
E05	GATTAACGCGTCCAAT
F05	AGCGTGGCGTAAGCTG
G05	CTGAGTAATCCTTGCC
H05	TCACCCTTAAGGATGA
I05	TGAGGTTTTGTAACGT
J05	ACCAAGGCAACCTACG
K05	GAGTCCAGCCGTCGTC
L05	CTTCTACAGTAGGTAA
M05	AGCACTTTAGTGAAGT
N05	CAGGTAGCCAACTTCG
O05	TTACAGCAGCGTGCTC
P05	GCTTGCAGTTCACGAA
A06	AGTTACAGGACTTGTT
B06	TCGCTAGATGGAGCCG
C06	CACACTCTATACATAC
D06	GTAGGGTCCCTGCAGA
E06	CATACGGTTACAGACT
F06	ATCTAATCCTATTCTG
G06	TCAGTCAGACGGAGGC
H06	GGGCGTCAGGTCCTAA
I06	TGAGGAACCTGGACAT
J06	GCGTACCTTGACGTCG
K06	CATACTTAGCTATAGC
L06	ATCCTGGGAACTCGTA
M06	TGGTGGTATTAGGTGT
N06	AAACTTAGCCCAAACG
O06	CTTGACCCGGTTTGTC
P06	GCCACAGTAAGCCCAA
A07	ATAAGTGGGGCGTTCT
B07	CGCCAGTTCTGCCATG
C07	TATGCCAATCAAAGAC
D07	GCGTTACCAATTGCGA
E07	GGTCTAGGCAGTCCCT
F07	ACAGAGATGTTAGAGG
G07	TAGAGCTAAGCCTGTC
H07	CTCTCTCCTCAGATAA
I07	ACGGCTGAGCCAATGT
J07	GGCCTCTGTGACTAAG
K07	TATTGACCATGGGCTC
L07	CTAAAGATCATTCGCA
M07	TGAATTGTGACGATTT
N07	GCTGCGCAATTCGAAG
O07	AAGTGATGCCGATCGC
P07	CTCCACACTGATCGCA
A08	TCAAGTCGCGTCAGCT
B08	AGTCTGTAGACACCGG
C08	CACGCAATATGTTTAC
D08	GTGTACGCTCAGGATA
E08	GAAGTAATGTGTCGTT
F08	AGTTCGCAAGAGGACG
G08	CCGAATGCTATCATGC
H08	TTCCGCTGCCCATCAA
I08	CGAGAGACGAGAAGCT
J08	GAGAGATTACCGCAGG
K08	TCCCTCCGCGTTGTAC
L08	ATTTCTGATTACTCTA
M08	TTCTCAACGCTCCAGT
N08	CCAGATCTCACGACCG
O08	AGTATCGATTGATTTC
P08	GAGCGGTGAGATGGAA
A09	TTCTGCGCTTCCCAAT
B09	GGTAAGATCCAGACTG
C09	ACACCATAAGTATGCC
D09	CAGGTTCGGAGTGTGA
E09	CACTGAGAAGTACGAT
F09	ATAGTCTCCACTGATG
G09	GCTAAGCGGTAGTCCC
H09	TGGCCTATTCGCATGA
I09	AGATCCTCGAATGCAT
J09	TATGGTCTAGTCAGTG
K09	GCGCAGGACCCGTACC
L09	CTCATAAGTTGACTGA
M09	AAACGAGAATCCGTCT
N09	CGCTAGCCTCTAAAGG
O09	GCGGTCATGAGTCGAC
P09	TTTACTTGCGAGTCTA
A10	TCCGAGTGCCTTGGAT
B10	AATTCAGCTTCAACGG
C10	GTACTTCAGAGCTTCC
D10	CGGAGCATAGAGCATA
E10	CCTTGTTAGCTGTGTT
F10	GAGGAACCCTAAACCG
G10	TGCATGATAGCCGTAC
H10	ATACCCGGTAGTCAGA
I10	AGTAATGTTACTTCAT
J10	TACCCAAAGTTCGGCG
K10	GTGGGCTGCGAGCTTC
L10	CCATTGCCACGAAAGA
M10	TGTTAGGGCATACTAT
N10	ATCGGAATAGACGCGG
O10	GCAATCCAGTGGAGCC
P10	CAGCCTTCTCCTTATA
A11	GTGACGAGAGTCCCGT
B11	TGCTGATCGTCGAAAG
C11	CCTGTTGTTCATGTTC
D11	AAACACCACAGATGCA
E11	ATCGCATGTTCGCGTT
F11	GAATATCACCAAATAG
G11	TCGATCACAGGTGCGC
H11	CGTCGGGTGATCTACA
I11	TAGCAAATGTCTGAGT
J11	GGTGTCTACCTGAGCG
K11	CCCTGTGGTAAACCTC
L11	ATAACGCCAGGCTTAA
M11	TTTGTTGCTTTGGCAT
N11	GACAACTACGATAAGG
O11	CGATGGCGAAGACTTC
P11	ACGCCAATGCCCTGCA
A12	CATCTCCTGTTTCAAT
B12	ACCACATCTCGGGCTG
C12	GGATGTAGCAAATGGC
D12	TTGGAGGAAGCCATCA
E12	GGGTATTGGCCGGCAT
F12	CATAGACATAATTAGG
G12	TTCGTGGTAGGAAGTC
H12	ACACCCACCTTCCTCA
I12	CCGCAAAGCCAGTGCT
J12	TTTGTGCAGTGTAATG
K12	GACTGCTTTGTCGCAC
L12	AGAACTGCAACACTGA
M12	CATTGTGCTTATGCTT
N12	GTACCAAGGCGATGGG
O12	ACGGTGCACATCAACC
P12	TGCAACTTAGCGCTAA
A13	GTTTACCATATGACCT
B13	ACCCTTTCATGATGAG
C13	CGAGCAGTCCCTCAGC
D13	TAGAGGAGGGACGTTA
E13	GGTACCACTCATCCCT
F13	CTATAGTAAACAGAAG
G13	TACCTTGTGTGCATTC
H13	ACGGGACGCGTGTGGA
I13	CAATACCTCCCGGTGT
J13	ACTAGGAGGGATTATG
K13	GGCCTTGAATTCCGCC
L13	TTGGCATCTAGAACAA
M13	AGGGCGAATCTAAGTT
N13	GCCCATCCGGATCCGG
O13	CATTGATTATGCGACC
P13	TTAATCGGCACGTTAA
A14	CGCTAATGCACGTCTT
B14	TCAGCGAAACACATGG
C14	ATTCTTGTTTGTGAAC
D14	GAGAGCCCGGTACGCA
E14	AGCCGCAGTCTCGGGT
F14	TTTGAGTCAAAGTTTG
G14	GAGTTTCTGTCTAACC
H14	CCAACAGACGGACCAA
I14	AAGGCGTGCCGGTAAT
J14	CTATATACAATTACTG
K14	GCCCGAGATTACCGGC
L14	TGTATCCTGGCAGTCA
M14	GTAACTATCACCCGTT
N14	ACTCAGCAAGAATTAG
O14	TACGTAGGGTTGAAGC
P14	CGGTGCTCTCGTGCCA
A15	GGAAACAACGTATCAT
B15	CCTCCTCCTTCTGTGG
C15	TTGTTAGGGAACAGTC
D15	AACGGGTTACGGCACA
E15	GCACATTTGTGAACGT
F15	ATTTGCCCAGACCTTG
G15	CGGATAGACACTTAAC
H15	TACGCGAGTCTGGGCA
I15	CAGCGCTTCTCGAGCT
J15	ATCAAACGTCTTCCTG
K15	TGTGCTACAAACGTGC
L15	GCATTGGAGGGATAAA
M15	GAGCCGGTCAAAGATT
N15	ACTAACTCGTCTTGAG
O15	CTAGGACGACTCATCC
P15	TGCTTTAATGGGCCGA
A16	GCTGCAACCATAGGCT
B16	TAATTCCATGCGTTAG
C16	CTCCATTGATGTAAGC
D16	AGGAGGGTGCACCCTA
E16	CATGTAAATCCCAACT
F16	GTATCGCGCTTTCTGG
G16	ACCCGCGTGAGGGCAC
H16	TGGAATTCAGAATGTA
I16	CACCTGAAGAGTACTT
J16	ATGTCCGTTCTCCAAG
K16	TCAAGATCAGAGTTCC
L16	GGTGATCGCTCAGGGA
M16	CTATTGGGCCGCTCTT
N16	AGCGACACATAACAAG
O16	GCGACTCTGATGGGCC
P16	TATCGATATGCTATGA
A17	ACGTAGTCCAAGTTGT
B17	CTCGCTAGTGTTGGAG
C17	GATATAGAACGCACTC
D17	TGACGCCTGTCACACA
E17	GTGCTCCGACACGCTT
F17	AATAGGTCCGGTCAAG
G17	TCCTAAGTTACGTGGC
H17	CGAGCTAAGTTAATCA
I17	TCTGCACGACCGATCT
J17	ATCTTGTTCGACGATG
K17	CGAAGCGATATATGAC
L17	GAGCATACGTGTCCGA
M17	TGTTCATGCAGTAGGT
N17	GCGAGTGAGTCCCTTG
O17	ATCCAGCTTGTGTCCC
P17	CAAGTCACACAAGAAA
A18	GGAGCTTGTGCTTACT
B18	CAGTGAACATTACCGG
C18	TTTCACGAGAAGATAC
D18	ACCATGCTCCGCGGTA
E18	AGCCAAGCAACTAACT
F18	GTTTGTTTCGTGCGTG
G18	TAAGCCCGTTAAGTAC
H18	CCGATGAAGCGCTCGA
I18	ACTCTCGCCTGAGACT
J18	TGAACGTATGCCATTG
K18	GTGGGACTACTTCGGC
L18	CACTATAGGAAGTCAA
M18	ATGCATCATGGCAGGT
N18	TCAGTAGCGTATGAAG
O18	GGCAGGTGCATATTCC
P18	CATTCCATACCGCCTA
A19	AGATTCATGTTGCTGT
B19	CTGAGATCAAATTGCG
C19	GCTCCTGGCGCAACTC
D19	TACGAGCATCGCGAAA
E19	TAGAATCATTAATGGT
F19	CTCCTAGTACGTCCAG
G19	AGTGGCTGGACCGTTC
H19	GCATCGACCGTGAACA
I19	GAATGAGGGATCAGAT
J19	CGGATGCTTTAGCACG
K19	ATTGCCACCCCTTCTC
L19	TCCCATTAAGGAGTGA
M19	CACATCGCTGTTATCT
N19	TTGTATCTCAAATAAG
O19	AGTGGAAAATGCCCGC
P19	GCACCGTGGCCGGGTA
A20	TCTTGCTCGAAACAAT
B20	ATCACAGACTCCTGCG
C20	GAACTGCGACTGGTGC
D20	CGGGATATTGGTACTA
E20	CGCGTCAGGCACGAAT
F20	GTACGACCTGCACGCG
G20	AAGAAGGACAGTATTC
H20	TCTTCTTTATTGTCGA
I20	TGCATACCCTCAGTAT
J20	ATTTCGAGAGTCTCCG
K20	GAAGGTGTGAGGCATC
L20	CCGCACTATCATAGGA
M20	AGCTCATAGCTGAAAT
N20	GCTATCGGATCACTCG
O20	TTGGGTATTGGCGGTC
P20	CAACAGCCCAATTCGA
A21	ACGTCCTAGGACTGGT
B21	TGTGGGATAAGGAAAG
C21	GACATTCCCCCTGTCC
D21	CTACAAGGTTTACCTA
E21	GCTGGCGAGCGACCAT
F21	CTAACATTCTATGTCG
G21	AGCTATCGAGCGAATC
H21	TAGCTGACTATCTGGA
I21	AACGATAATGTTCGGT
J21	GCTCTGCTAAGAGTCG
K21	TGGAGATGCCACAAAC
L21	CTATCCGCGTCGTCTA
M21	CTTAGAATTCTCATAT
N21	TAATCGGGCTGAGGTG
O21	AGCCTCCAGAAGTAGC
P21	GCGGATTCAGCTCCCA
A22	TGACATACATGGCGAT
B22	GTCTGACACCTTTATG
C22	CCGACGTGGGAAACCC
D22	AATGTCGTTACCGTGA
E22	GGTCATTATAACTGCT
F22	TAAGGCATGGTACAAG
G22	ATCTCGGCCCGGGTTC
H22	CCGATACGATCTACGA
I22	CATCTTGGAACGCCCT
J22	TCGGGCCTGCGTATAG
K22	GTCACGTATGACGAGC
L22	AGATAAACCTTATGTA
M22	GGAATGGCTCGATCCT
N22	AATTCTTGGAATCGTG
O22	TCCGGCAACTCGATAC
P22	CTGCAACTAGTCGAGA
A23	TGTAGTGGACAGTAGT
B23	CCAGAATCCGTTCCCG
C23	AAGCCGCAGAGAGGTC
D23	GTCTTCATTTCCATAA
E23	TTATCCTACCAAGCGT
F23	GACAAAGGATGTAGCG
G23	CCGCGTACTGTCTTTC
H23	AGTGTGCTGACGCAAA
I23	TGATAGCTTGCCGGAT
J23	GTTATATGCATAACGG
K23	CACCCTGAACATTACC
L23	ACGGGCACGTGGCTTA
M23	ATCAACAAACGTTTCT
N23	GGTTGAGCGTTGAGTG
O23	CCACTTTGTACACAGC
P23	TAGGCGCTCGACGCAA
A24	AACAGTGTTTCCGCGT
B24	CCATCCTGGGATAGCG
C24	GTTCAGCCCATGCAAC
D24	TGGGTAAAACGATTTA
E24	GCAATTACGTTCAATT
F24	AAGCGACTTCCACTGG
G24	TTCTCGTGCAATGGAC
H24	CGTGACGAAGGGTCCA
I24	TACTCGCCGTGCGGGT
J24	ATAGAAGTTACGCATG
K24	CGTATTTGACTATCAC
L24	GCGCGCAACGATATCA
M24	ATGCTGTCCTACTCGT
N24	TGTACAAAAGGGATTG
O24	CACGGCCTGCCTGGAC
P24	GCATATGGTATACACA
